Use_Code,Tax_Year,Tax_Value,year_built,lot_size,finished_sq_feet,bathrooms,bedrooms,zestimate
SingleFamily,2018,350177,1951,6349,1085,1,3,603374
SingleFamily,2018,65240,1916,4791,1600,2,3,1123270
SingleFamily,2018,938400,1960,16618,2905,3,4,955339
SingleFamily,2018,664e3,1973,8934,1446,2,3,722850
SingleFamily,2018,227494,1912,5587,1195,2,3,836730
SingleFamily,2018,346003,1955,7538,1658,2,4,603177
SingleFamily,2018,464755,1910,6647,2496,1,3,714777
SingleFamily,2018,379955,1924,9779,1434,2,3,621639
SingleFamily,2018,369691,1944,5997,1012,1,3,824003
SingleFamily,2018,336463,1954,7551,1680,3,3,599735
SingleFamily,2018,254256,1951,7453,1986,3,3,996745
SingleFamily,2018,2109360,1915,7172,2211,3,3,2265912
SingleFamily,2018,373477,1951,8415,1058,1,3,413900
SingleFamily,2018,205267,1951,6889,1391,1,2,785276
SingleFamily,2018,821100,1936,6534,1361,2,3,951440
Duplex,2018,169843,1916,5287,1618,2,2,541370
SingleFamily,2018,1296895,1998,9948,3747,4,4,2394493
SingleFamily,2018,172069,1922,7499,860,1,2,567646
SingleFamily,2018,1529585,1940,7425,2359,3,4,2127094
SingleFamily,2018,324270,1921,5227,1226,2,3,505378
SingleFamily,2018,557190,1990,19049,2814,3,4,885266
SingleFamily,2018,251379,1926,4599,1032,1,3,610963
SingleFamily,2018,723914,1956,6932,2800,3,5,1710654
SingleFamily,2018,313850,1935,6751,1046,1,2,559068
SingleFamily,2018,354990,1956,7476,1969,2,4,607069
Duplex,2018,853675,2e3,6912,2664,4,6,899227
SingleFamily,2018,198048,1922,3049,1330,4,4,419214
Condominium,2018,581880,1998,10814,3001,5,5,1078822
SingleFamily,2018,378786,1951,13068,1575,2,2,578415
SingleFamily,2018,94968,1961,4402,1410,2,3,1111460
SingleFamily,2018,109835,1965,13454,1889,3,4,1290688
SingleFamily,2018,508054,1923,6556,1938,2,3,1838907
SingleFamily,2018,408364,1962,7198,1640,2,3,566320
SingleFamily,2018,337790,1960,7840,1164,2,3,512109
SingleFamily,2018,118739,1911,5300,1008,1,1,1085294
SingleFamily,2018,794375,2005,5662,2134,3,4,1052881
SingleFamily,2018,1034080,1986,20984,3064,3,4,959851
SingleFamily,2018,669180,1952,14689,2498,3,3,1419337
SingleFamily,2018,282933,1958,8073,1168,2,3,541098
SingleFamily,2018,155083,1912,6800,1443,1,3,681195
SingleFamily,2018,203813,1926,7770,1718,2,3,2032792
SingleFamily,2018,445497,1952,5402,999,1,2,575937
SingleFamily,2018,727178,1931,25918,2600,3,3,4586500
SingleFamily,2018,41e4,1925,4033,988,2,3,433606
Duplex,2018,214030,1924,5409,1500,2,4,457787
SingleFamily,2018,327072,1955,7045,1336,2,3,525897
SingleFamily,2018,601800,1928,5669,1244,3,4,590468
SingleFamily,2018,80738,1959,6859,1587,2,3,695353
SingleFamily,2018,484813,1910,6490,770,1,2,503289
SingleFamily,2018,425557,1923,3628,822,1,2,659969
SingleFamily,2018,97798,1955,6893,1133,2,3,716537
Duplex,2018,233607,1907,7499,1200,2,2,937429
SingleFamily,2018,441848,1962,11005,2359,2,3,947042
SingleFamily,2018,867066,1948,6581,3033,4,7,2171172
SingleFamily,2018,2856e3,1973,5923,3644,5,4,3119540
Duplex,2018,375204,1940,7537,2864,4,7,889071
SingleFamily,2018,534119,1956,7004,1324,2,3,560409
SingleFamily,2018,158535,1960,16804,2176,3,4,798641
SingleFamily,2018,187948,1949,9752,3296,4,4,1518918
SingleFamily,2018,612e3,1961,5450,1180,2,3,661679
SingleFamily,2018,229220,1937,9042,2594,3,5,4018472
SingleFamily,2018,479310,1958,7613,2036,2,3,639655
SingleFamily,2018,186918,1933,4080,2346,3,4,598301
Condominium,2018,160368,1971,311190,1140,2,2,358620
SingleFamily,2018,174170,1948,5051,883,1,2,722631
SingleFamily,2018,372289,1966,7718,2310,3,5,763077
SingleFamily,2018,4112589,2005,26576,6595,5.5,5,6124331
SingleFamily,2018,561202,1951,8043,1942,3,2,942950
SingleFamily,2018,796946,1929,6250,2662,3,4,1337684
MultiFamily2To4,2018,332928,1922,5314,1708,2,3,464538
SingleFamily,2018,326665,1930,6245,1567,2,3,614841
SingleFamily,2018,264712,1951,5662,1040,1,3,533882
SingleFamily,2018,966526,1945,6650,1576,2,3,1347612
SingleFamily,2018,65447,1937,5975,1604,2,3,767150
SingleFamily,2018,547738,1976,17518,2217,3,4,817334
SingleFamily,2018,566582,1956,13667,3551,4,4,2166319
SingleFamily,2018,575e3,1954,9588,1249,2,3,563240
SingleFamily,2018,60492,1937,7661,1771,2,3,513018
SingleFamily,2018,249479,1941,6098,1104,1,2,616473
Condominium,2018,374971,2006,101198,2025,3,5,546592
SingleFamily,2018,47775,1922,2705,758,1,2,1678518
SingleFamily,2018,278025,1954,5e3,1087,1,2,551187
SingleFamily,2018,432960,1925,4997,864,2,2,529171
SingleFamily,2018,453262,1923,4400,700,1,2,343191
SingleFamily,2018,635e3,1913,18009,5046,4,4,5011356
SingleFamily,2018,250284,1954,8511,1581,2,3,612516
Duplex,2018,47753,1928,3940,1868,2,4,804965
SingleFamily,2018,145894,1966,6089,1424,2,4,534009
SingleFamily,2018,171100,1970,5101,876,2,3,435493
Duplex,2018,369195,1921,7121,1660,2,4,645404
SingleFamily,2018,723372,1926,2300,960,3,2,918175
SingleFamily,2018,363026,1961,12310,2062,3,3,767535
SingleFamily,2018,238428,1944,6251,999,1,3,561679
SingleFamily,2018,358217,1969,18074,2348,3,4,720946
SingleFamily,2018,756e3,1950,6534,2232,3,4,790878
SingleFamily,2018,530400,1957,9180,1858,2,3,629083
Duplex,2018,134659,1954,6009,3484,3,3,945800
SingleFamily,2018,355527,1942,5388,1301,2,3,658574
SingleFamily,2018,1319775,1949,6e3,1415,2,3,1411335
SingleFamily,2018,1933127,1940,15920,4133,4,5,6448559
SingleFamily,2018,238981,1949,4980,856,1,2,921156
SingleFamily,2018,153170,1951,8999,1932,3,4,854149
SingleFamily,2018,243762,1926,5942,868,1,2,776832
SingleFamily,2018,91512,1957,5935,1503,2,3,594602
SingleFamily,2018,430774,2017,6357,3800,5.5,5,1204023
SingleFamily,2018,397513,1978,3484,1492,3,3,623974
SingleFamily,2018,159958,1949,6751,1182,1,2,524589
SingleFamily,2018,2804648,1941,18181,3953,4.5,4,2943215
Condominium,2018,293414,2002,111861,1799,3,4,492011
Duplex,2018,406360,1929,5287,1176,2,2,409655
SingleFamily,2018,623194,1903,6751,2416,2,4,912800
SingleFamily,2018,553799,1974,7302,1941,3,3,902718
SingleFamily,2018,548668,1928,4469,1704,2,3,1149251
SingleFamily,2018,822478,1935,5200,1588,2,3,1203656
SingleFamily,2018,542e3,1976,16198,1791,2,3,556412
Triplex,2018,299154,1921,6353,2788,5,5,1122649
Quadruplex,2018,47436,1913,7499,4504,4,4,1196716
SingleFamily,2018,231740,1950,9499,885,1,2,551246
SingleFamily,2018,364708,1965,7562,2001,3,4,740315
SingleFamily,2018,507876,1969,5649,1994,2,3,1066800
SingleFamily,2018,683985,1942,5830,1756,2,3,970656
SingleFamily,2018,61633,1949,5524,832,1,2,460375
Unknown,2018,72779,1982,3070,1129,3,2,479426
SingleFamily,2018,772140,1978,11761,2564,3,4,947377
SingleFamily,2018,591498,1952,4268,1280,2,3,568431
SingleFamily,2018,84851,1948,5998,1405,2,4,928531
SingleFamily,2018,842459,1941,6011,1340,1,2,1031232
SingleFamily,2018,242704,1952,7608,1450,3,3,548976
SingleFamily,2018,292798,1921,6534,1362,2,3,476858
SingleFamily,2018,1052070,1934,8511,2640,4,3,2191795
MultiFamily2To4,2018,1005265,1939,5621,1775,3,5,1480702
SingleFamily,2018,383225,1941,9010,1098,2,3,500441
SingleFamily,2018,632701,1961,7514,1782,2,4,717053
SingleFamily,2018,605169,1912,4457,1e3,1,2,663218
Duplex,2018,461302,1944,6841,1612,2,4,926271
SingleFamily,2018,198630,1912,5215,1060,1,2,571146
SingleFamily,2018,618526,1939,8100,1466,2,3,892614
SingleFamily,2018,1969935,1975,8102,2635,3,4,2304283
SingleFamily,2018,1214857,1923,4957,1156,1.5,2,1389370
SingleFamily,2018,555900,1956,7405,1362,3,4,581695
SingleFamily,2018,454494,1949,20465,1575,2,3,870829
SingleFamily,2018,841415,1951,8377,2311,3,3,3833983
Duplex,2018,236983,1928,6611,2314,2,4,797205
SingleFamily,2018,294951,1931,5003,1420,2,3,450109
SingleFamily,2018,104238,1956,6591,1717,2,3,981667
SingleFamily,2018,1195542,1936,6751,2389,3,4,1553103
SingleFamily,2018,181462,1950,5582,958,1,2,828428
Duplex,2018,48205,1944,5999,1612,2,4,550074
SingleFamily,2018,161549,1953,6899,1222,2,3,530299
SingleFamily,2018,513291,1960,11025,2115,2,4,859160
MultiFamily2To4,2018,1000863,1951,2408,2447,6,6,2128141
SingleFamily,2018,467391,1976,11077,1889,2,3,779356
SingleFamily,2018,508658,1950,5662,813,1,2,850853
SingleFamily,2018,672577,1924,5504,1096,1,2,752121
SingleFamily,2018,397131,1948,5199,1571,2,4,1309406
SingleFamily,2018,1638e3,1938,6242,2312,4,4,2103532
SingleFamily,2018,250477,1956,8906,1595,2,3,610536
Condominium,2018,324875,1987,172012,1319,2,3,390237
SingleFamily,2018,575e3,1960,7200,1303,2,3,591141
Townhouse,2018,746200,1979,242045,1414,3,3,835900
Condominium,2018,159401,1993,11763,1295,3,2,929885
SingleFamily,2018,394853,1953,5575,1409,2,3,509046
SingleFamily,2018,520200,1939,5063,1181,1,2,1042262
SingleFamily,2018,396113,1921,5227,1472,1,3,444414
Duplex,2018,256691,1940,8163,2068,2,4,527034
Duplex,2018,38082,1948,3475,1903,2,4,532231
SingleFamily,2018,117165,1948,6120,1814,2,3,1367210
SingleFamily,2018,38e4,1960,5214,1346,2,3,512646
SingleFamily,2018,264020,1954,22500,2060,2.5,3,742221
MultiFamily2To4,2018,125621,1924,6239,3e3,2,4,1198221
SingleFamily,2018,283606,1923,4817,886,1,2,390926
SingleFamily,2018,781737,1957,11830,3301,4,4,2801004
SingleFamily,2018,688e3,1943,15581,1394,1,3,713118
SingleFamily,2018,226295,1913,5122,1288,2,4,448694
SingleFamily,2018,161941,1952,6480,1072,1,3,523935
SingleFamily,2018,69544,1951,7452,1562,2,3,534897
SingleFamily,2018,203901,1948,17973,2108,3,4,1150235
MultiFamily2To4,2018,442432,2005,4560,2598,4,8,1148918
SingleFamily,2018,313675,1948,11437,1279,2,2,961971
SingleFamily,2018,125515,1948,4902,1402,2,3,1318029
SingleFamily,2018,428400,1959,7405,2500,3,4,726949
SingleFamily,2018,36791,1926,4305,1138,1,2,412999
Duplex,2018,286388,1927,6588,1832,2,2,658994
SingleFamily,2018,506345,1939,6250,1615,2,3,808929
SingleFamily,2018,182457,1963,12192,2300,3,3,1652950
SingleFamily,2018,11904873,2003,173151,11206,8.25,6,19219260
SingleFamily,2018,465e3,1947,6912,1366,2,3,603242
SingleFamily,2018,81399,1952,8330,1054,1,3,1287658
SingleFamily,2018,434044,1959,7450,1570,2,4,657990
SingleFamily,2018,142425,1948,5973,1111,1,2,540121
SingleFamily,2018,164898,1911,6071,1200,1,2,584801
SingleFamily,2018,157787,1961,7199,1952,2,3,918806
SingleFamily,2018,286906,1954,6295,1606,2,3,650403
SingleFamily,2018,480599,1957,7565,1517,2,3,620398
SingleFamily,2018,184067,1941,6500,894,1,2,392328
SingleFamily,2018,514273,1947,6840,2024,2,4,1782307
MultiFamily2To4,2018,16e5,1927,6534,3908,4,6,2357293
Duplex,2018,500575,1903,7495,2106,2,6,539208
SingleFamily,2018,282577,1948,4218,1800,2,3,690966
SingleFamily,2018,58127,1929,6726,1085,1,2,609143
SingleFamily,2018,356498,1954,7499,1437,2,3,555247
Duplex,2018,349211,1925,7290,4507,4,6,2333507
SingleFamily,2018,1315969,1978,26136,3554,4,4,1398729
SingleFamily,2018,360195,1921,261360,1488,2,3,639796
SingleFamily,2018,128591,1961,10053,2358,3,4,739215
SingleFamily,2018,769895,1922,5009,1344,2,2,889674
SingleFamily,2018,439932,1948,6751,1529,2,3,563642
SingleFamily,2018,79405,1923,4791,776,1,2,351134
SingleFamily,2018,110716,1938,6266,1242,1,2,741996
SingleFamily,2018,166803,1927,5639,1003,1,4,522117
Triplex,2018,94108,1954,7015,3438,3,7,1310984
SingleFamily,2018,121e3,1913,7e3,2828,2,3,912903
SingleFamily,2018,192152,1956,7524,1275,2,4,556401
SingleFamily,2018,391882,1964,13860,1555,2,4,688374
SingleFamily,2018,2460700,2018,5649,3706,6,5,4228193
SingleFamily,2018,168602,1956,7426,1316,2,3,573100
SingleFamily,2018,221e4,1941,5204,836,1,2,2288050
SingleFamily,2018,753248,1965,8386,2090,3,4,762045
SingleFamily,2018,1715373,1937,7252,1899,2,3,2157356
SingleFamily,2018,428109,2001,4501,2613,3,4,789169
SingleFamily,2018,338894,1939,8873,1533,1,2,1324337
SingleFamily,2018,98988,1945,5494,1758,2,4,787623
Duplex,2018,451864,1933,6353,1414,1,2,1200605
SingleFamily,2018,266941,1909,2599,972,1,3,376714
SingleFamily,2018,38517,1938,3299,1061,1,2,1093281
SingleFamily,2018,109796,1969,5074,1574,2,4,626377
SingleFamily,2018,497310,1948,7984,1446,2,3,706838
MultiFamily2To4,2018,526654,1952,8499,2840,3,6,828211
SingleFamily,2018,201464,1996,4250,1476,3,3,402468
MultiFamily2To4,2018,104681,1950,9870,1e3,1,2,861770
SingleFamily,2018,1152606,1950,4843,1205,1,2,2224934
SingleFamily,2018,178343,1953,9006,1934,2,3,676047
Triplex,2018,43474,1923,7155,2208,3,3,546883
MultiFamily2To4,2018,340331,1921,10300,3264,4,8,691215
SingleFamily,2018,26881,1927,4715,864,1,2,538102
SingleFamily,2018,484548,1938,5306,1300,1,2,698862
MultiFamily2To4,2018,342804,1905,8972,-1,2,4,709576
SingleFamily,2018,827925,1983,13939,2496,3,4,1572121
SingleFamily,2018,13308951,2003,47593,11045,9,6,15239290
SingleFamily,2018,72779,1960,8386,1232,2,3,528240
SingleFamily,2018,102922,1901,5082,1440,1,3,400264
SingleFamily,2018,180681,1939,5816,2170,3,3,3035919
SingleFamily,2018,355527,1948,5458,1467,2,3,560334
Condominium,2018,524e3,1979,466064,1598,3,3,587150
SingleFamily,2018,225541,1923,4664,936,1,2,403495
SingleFamily,2018,96774,1965,7767,2032,2,4,655665
Townhouse,2018,450210,2012,12143,1750,3,3,601967
SingleFamily,2018,888826,1968,11891,2651,3,4,1158065
SingleFamily,2018,202254,1975,7782,1930,2,4,613132
SingleFamily,2018,141461,2005,3253,1159,2,4,348753
SingleFamily,2018,757577,1941,5e3,1347,1,2,1217973
SingleFamily,2018,1474794,1993,8607,3645,3.5,4,2007538
SingleFamily,2018,259739,1947,7501,918,2,4,498599
SingleFamily,2018,1171131,1952,9603,2859,2,3,2841476
SingleFamily,2018,409397,1955,6624,1469,2,4,571779
SingleFamily,2018,515100,1954,7562,1220,3,3,564969
SingleFamily,2018,157486,1924,5003,1160,1,3,1144844
SingleFamily,2018,644620,1963,16883,2574,3,4,878787
SingleFamily,2018,522449,1937,8520,2785,3,3,2263449
SingleFamily,2018,185036,1951,6764,1813,2,3,955182
SingleFamily,2018,469723,1924,6757,1513,2,2,1744265
SingleFamily,2018,428e3,1922,5843,1130,1,3,472551
SingleFamily,2018,51871,1949,8371,1267,2,3,700819
SingleFamily,2018,378888,1965,10890,2280,3,5,785089
SingleFamily,2018,49075,1955,5206,1342,1,4,466591
SingleFamily,2018,400980,1940,7056,2e3,2,4,859002
SingleFamily,2018,318581,1918,6729,1588,2,3,1137915
MultiFamily2To4,2018,255351,1921,5501,2280,1,1,1118748
SingleFamily,2018,526063,1925,5407,2221,4,3,2078414
SingleFamily,2018,259547,1885,8585,2060,1,3,870808
SingleFamily,2018,328165,1952,5350,1631,4,3,817186
SingleFamily,2018,1656406,1937,118198,9856,9,13,26918929
SingleFamily,2018,1162567,1925,6455,1890,3,3,2165683
SingleFamily,2018,277821,1954,6999,1515,2,2,670998
SingleFamily,2018,2135032,2008,6979,4682,6,5,3569890
SingleFamily,2018,392316,1970,8276,1629,2,3,609449
Condominium,2018,292532,2011,26592,1557,3,4,468115
SingleFamily,2018,65237,1960,7585,1150,2,3,633852
SingleFamily,2018,453778,1922,5227,2660,1.5,3,567343
SingleFamily,2018,1123110,1947,7199,2188,3,4,1968057
SingleFamily,2018,1502350,1964,10886,2235,3,3,2035719
Condominium,2018,772132,1980,787351,1961,3,2,1252234
SingleFamily,2018,839930,1976,19677,4362,4,6,1714435
SingleFamily,2018,706287,1932,19707,6590,5,6,5177291
SingleFamily,2018,1562183,1956,9147,2932,3,4,1691007
SingleFamily,2018,725537,1946,7200,1394,2,3,1187773
SingleFamily,2018,370080,1950,23635,1726,2,3,573285
SingleFamily,2018,1905360,1922,32220,10120,5,4,6349643
SingleFamily,2018,314076,1975,7984,1694,2,3,733750
SingleFamily,2018,387590,1956,7840,1350,2,3,580399
SingleFamily,2018,363e3,1957,5633,1168,1,3,427800
Duplex,2018,31826,1911,6122,1915,2,3,735012
SingleFamily,2018,24712e3,2e3,226516,38e3,24,12,173817017
Triplex,2018,36912,1924,6601,2108,3,5,568151
SingleFamily,2018,84434,1916,6647,1003,2,3,440877
SingleFamily,2018,505871,1949,6494,1049,3,3,538002
SingleFamily,2018,816609,2015,1071,1736,3,2,954099
SingleFamily,2018,99651,1944,6239,1128,1,3,778248
SingleFamily,2018,8335860,1937,54940,7295,7,8,17762169
SingleFamily,2018,165972,1944,7975,1532,2,4,445601
SingleFamily,2018,1578286,2004,80446,2314,4,3,1801818
SingleFamily,2018,1458e3,2005,18621,4937,5,5,1490372
Duplex,2018,581310,2e3,8e3,2229,3,5,705291
SingleFamily,2018,74785,1925,8928,640,1,2,472452
SingleFamily,2018,276380,1952,6414,1161,1,3,583935
SingleFamily,2018,518695,1943,6008,1008,1,3,582929
SingleFamily,2018,328392,1919,11044,1292,1,2,542666
SingleFamily,2018,829166,1925,3497,1272,2,3,1369780
SingleFamily,2018,230711,1949,6098,1564,2,3,542903
SingleFamily,2018,1364e3,1951,16829,3600,4,4,1572577
SingleFamily,2018,357946,1948,9419,1662,2,2,1065095
Duplex,2018,133726,1924,4999,1984,4,4,945844
SingleFamily,2018,262335,1951,6267,1763,1,2,618444
SingleFamily,2018,271442,1963,11150,2157,3,4,757730
Duplex,2018,528399,1936,6805,3951,3,5,1885759
SingleFamily,2018,343730,1949,7841,2468,2,3,2723488
SingleFamily,2018,349239,1961,7500,1932,2,3,620014
SingleFamily,2018,214405,1931,4943,1175,1,2,452153
SingleFamily,2018,635269,1997,5805,3804,3,4,1993974
SingleFamily,2018,780967,1925,4548,962,1,2,965099
SingleFamily,2018,13447784,2007,29437,11003,8,5,17715836
SingleFamily,2018,264791,1951,6750,1480,2,3,904048
SingleFamily,2018,977044,1958,10890,2027,3,3,1220565
SingleFamily,2018,694188,1899,9786,3256,3,5,1390718
SingleFamily,2018,324080,1955,5801,1171,2,3,542915
SingleFamily,2018,55757,1947,5396,960,1,2,456961
SingleFamily,2018,1060715,1948,7567,2365,3,5,1983003
SingleFamily,2018,354721,1950,6655,1495,2,4,631100
SingleFamily,2018,520639,1958,7563,1648,2,3,545836
SingleFamily,2018,358484,1909,3955,1760,2,3,810057
SingleFamily,2018,25367,1915,4488,1123,1,3,366998
SingleFamily,2018,209826,1926,8625,2592,3,4,2732228
SingleFamily,2018,832336,1947,7474,1494,1.75,4,992884
SingleFamily,2018,667e3,1978,5202,3229,3,4,722688
SingleFamily,2018,482137,1943,5662,2171,2,4,877094
SingleFamily,2018,561708,1947,5699,2157,3,4,1857394
Duplex,2018,508658,1903,5902,2086,2,3,1247054
SingleFamily,2018,117814,1921,9079,2198,2,3,1725155
SingleFamily,2018,515343,1960,21671,3566,4,5,964144
SingleFamily,2018,111631,1924,4332,852,1,2,1574252
Condominium,2018,314551,1987,3911,1746,3,4,586205
SingleFamily,2018,407430,1961,6969,1347,2,3,577530
SingleFamily,2018,416364,1910,5075,1196,1,2,420057
SingleFamily,2018,453777,1951,8913,1040,1,3,688951
SingleFamily,2018,92694,1902,5e3,1048,1,2,408652
SingleFamily,2018,180082,1962,12322,3070,3,5,909649
SingleFamily,2018,644620,1955,21780,1619,2,3,850221
SingleFamily,2018,370793,1949,10841,1630,2,2,656638
SingleFamily,2018,364057,1947,11137,1881,2,3,1097173
Duplex,2018,293595,1925,5415,1351,3,3,606166
SingleFamily,2018,333553,1959,9943,1890,2,3,735272
Condominium,2018,304110,2002,109022,1893,3,4,501136
SingleFamily,2018,160431,1960,7502,2076,3,5,698203
SingleFamily,2018,147600,1925,5e3,784,1,2,533311
SingleFamily,2018,487012,1957,8232,1493,2,4,615186
SingleFamily,2018,317369,1921,6500,1840,1,2,1227542
SingleFamily,2018,480560,1900,5998,1232,1.5,3,573948
SingleFamily,2018,759531,1966,7750,1938,3,4,705283
SingleFamily,2018,138917,1927,6250,1206,1,3,366855
SingleFamily,2018,1055200,1909,14985,4231,3,5,2047488
SingleFamily,2018,1935350,1947,5727,1616,2,3,3314553
SingleFamily,2018,922364,1942,6e3,1900,2,3,1338294
SingleFamily,2018,1676e3,1927,6003,2076,2,3,2217126
SingleFamily,2018,393175,1964,16925,1686,3,4,772243
SingleFamily,2018,231532,1951,6749,1591,2,2,575053
Duplex,2018,158394,1923,7067,4446,4,8,1810705
SingleFamily,2018,245638,1907,6499,1248,1,2,634186
SingleFamily,2018,363312,1963,7763,1934,2,4,994267
Triplex,2018,860575,1922,6900,2528,3,3,1394956
SingleFamily,2018,40880,1946,5063,810,1,2,609704
SingleFamily,2018,332927,2013,3828,1500,2,4,421890
SingleFamily,2018,380037,1927,6534,1694,2.5,3,596429
SingleFamily,2018,372095,1941,7423,1571,2,3,717074
SingleFamily,2018,59519,1923,6702,1217,2,3,522983
SingleFamily,2018,476893,1961,7737,1740,2,3,950015
MultiFamily2To4,2018,387600,1924,5227,1512,2,3,449333
SingleFamily,2018,425e3,1945,8099,1302,2,3,490761
SingleFamily,2018,1938e3,1940,6499,4e3,6,5,2296507
SingleFamily,2018,75625,1910,8878,1344,2,3,847780
SingleFamily,2018,751563,1990,6766,3397,4,5,2619404
SingleFamily,2018,854108,1954,17003,2799,3,4,2122452
SingleFamily,2018,468179,1954,7840,1264,2,3,544081
Duplex,2018,628495,1925,7503,2052,3,2,1321970
Triplex,2018,332017,1922,7814,2712,3,6,793789
SingleFamily,2018,357834,1927,6878,1866,2,3,1341612
SingleFamily,2018,191144,1950,6049,1207,2,3,528481
SingleFamily,2018,502e3,1954,7877,1844,2,3,620260
Condominium,2018,488792,2004,83308,1996,3,4,507060
SingleFamily,2018,53e4,1956,8189,1296,2,3,577051
SingleFamily,2018,385764,1969,11800,2916,3,4,890130
SingleFamily,2018,232994,1950,6910,1126,1,3,612314
SingleFamily,2018,5861421,2008,14e3,6362,6.5,6,7549693
SingleFamily,2018,881980,1950,6051,2094,3,3,1066768
SingleFamily,2018,592314,1959,9737,2769,3,5,1110515
Condominium,2018,221817,1911,15921,642,1,1,484814
SingleFamily,2018,607350,1959,7318,1880,2,3,677573
SingleFamily,2018,336882,1950,5290,1284,2,3,406097
SingleFamily,2018,1154130,1951,23773,2161,2,3,2979979
SingleFamily,2018,777906,1947,5800,1387,2,3,1025955
SingleFamily,2018,846600,1973,12937,2796,4,4,885998
SingleFamily,2018,452491,1953,7405,1262,2,3,576569
SingleFamily,2018,384947,1924,6751,1125,1,3,592765
SingleFamily,2018,41964,1928,5309,1275,1,2,451906
Triplex,2018,393604,1923,5905,2136,3,5,995401
SingleFamily,2018,209078,1957,6905,965,1,2,783105
SingleFamily,2018,477765,1924,10599,1591,1,4,717713
Condominium,2018,495427,1968,87656,1582,3,2,946501
Triplex,2018,130924,1950,9560,2024,3,3,667864
SingleFamily,2018,256632,1960,7491,1250,2,3,612443
SingleFamily,2018,5e5,1956,7392,1153,2,3,563171
SingleFamily,2018,3429240,1981,31643,4953,5,5,6122261
SingleFamily,2018,381052,1962,8161,1680,2,3,778322
SingleFamily,2018,427869,2008,5135,2622,3,4,640527
Triplex,2018,266590,1921,4999,2262,3,6,589336
SingleFamily,2018,38525,1921,6859,684,1,2,457969
SingleFamily,2018,371453,1963,6807,2164,3,4,1210477
SingleFamily,2018,462151,1950,3270,1024,2,1,842842
SingleFamily,2018,488275,1949,6011,1012,1,2,673801
SingleFamily,2018,936768,1988,6600,3986,4,4,1052972
SingleFamily,2018,220777,1980,3049,1506,2,4,450052
SingleFamily,2018,199008,1955,5625,1375,2,4,626277
SingleFamily,2018,588022,1905,6804,1774,2,4,759428
SingleFamily,2018,586673,1968,11543,2552,3,4,877600
SingleFamily,2018,250943,1953,7191,2449,4,5,846854
SingleFamily,2018,2913120,1940,10272,2952,4.5,6,3470458
SingleFamily,2018,1035197,1987,5009,2600,3,4,1600074
SingleFamily,2018,192647,1947,6251,1116,1,3,518345
Triplex,2018,240180,1964,5442,2671,3,6,678205
SingleFamily,2018,27091,1944,5375,810,1,2,344462
SingleFamily,2018,604471,1948,6560,650,1,2,824625
SingleFamily,2018,90227,1954,6317,1628,2,3,576888
SingleFamily,2018,546138,1953,3782,1158,2,2,2361622
SingleFamily,2018,263355,1954,6098,1261,2,3,529183
SingleFamily,2018,1322992,1957,6455,2060,3,4,1342975
SingleFamily,2018,414782,1956,5662,1471,2,3,604763
SingleFamily,2018,288868,1948,5488,2188,2,4,741787
SingleFamily,2018,208963,1947,7008,1080,1,3,554299
SingleFamily,2018,397281,1953,7442,1568,2,4,664054
SingleFamily,2018,363019,1953,7499,1234,2,3,557515
SingleFamily,2018,1498791,1941,7030,2445,3,5,1988294
SingleFamily,2018,151368,1947,9130,1158,1,3,887221
SingleFamily,2018,804529,1965,14746,2634,4,4,2183057
SingleFamily,2018,396285,1950,17480,1950,3,3,712531
SingleFamily,2018,315059,1983,10904,2179,2,4,744262
SingleFamily,2018,57489,1926,6750,1186,1,2,964840
SingleFamily,2018,525e3,2015,1558,1401,3,3,551082
SingleFamily,2018,87711,1939,6166,1756,3,3,615907
SingleFamily,2018,490049,1923,3e3,916,1,1,881394
SingleFamily,2018,252006,1939,24350,3200,3,4,3628939
SingleFamily,2018,211527,1936,9949,2190,2,3,1612304
SingleFamily,2018,1303908,1958,16795,4216,4,4,5215552
SingleFamily,2018,77297,1924,10442,1652,1,2,1343922
Quadruplex,2018,75147,1922,7979,4632,4,8,1487285
SingleFamily,2018,3339500,2012,6316,4172,6,4,3538480
SingleFamily,2018,191865,1947,5021,832,1,2,1756743
SingleFamily,2018,1170450,1950,6843,1632,2,3,1349952
SingleFamily,2018,742822,1962,11325,1956,2,3,846902
SingleFamily,2018,643e3,1961,8303,1795,2,3,651663
SingleFamily,2018,327725,1925,6002,1785,2,3,566057
MultiFamily2To4,2018,634525,1925,5227,2442,4,5,1442638
SingleFamily,2018,659688,1966,8841,2154,2,3,1528977
SingleFamily,2018,186132,1941,6606,1119,1,2,467706
SingleFamily,2018,86936,1949,5495,1026,1,2,701268
SingleFamily,2018,101267,1951,7829,1087,1,3,504296
SingleFamily,2018,901632,2009,17669,3361,4,5,945959
SingleFamily,2018,488975,1947,5799,1481,2,3,1432409
SingleFamily,2018,65013,1955,6006,1166,2,3,539948
SingleFamily,2018,712374,1925,3336,1044,2,3,806276
SingleFamily,2018,693247,1977,47044,1812,2,3,2021392
Condominium,2018,174237,1976,495261,1347,2,2,615798
Duplex,2018,448137,2011,5155,3320,6,8,734253
SingleFamily,2018,334741,1925,8346,2207,1,2,1329628
SingleFamily,2018,328229,1947,6312,1677,2,2,1128320
SingleFamily,2018,547476,1951,28921,3734,4,5,1468827
SingleFamily,2018,462886,2007,28056,2107,3,5,589328
SingleFamily,2018,863430,1969,19166,2684,3,7,981149
SingleFamily,2018,510499,1925,1900,811,1,2,864059
SingleFamily,2018,11e5,1945,7405,1223,1,3,1459257
SingleFamily,2018,950775,1963,13155,3120,4,5,1076371
SingleFamily,2018,295e3,1903,3468,1198,1,2,444316
SingleFamily,2018,489904,1949,15928,2122,2,3,780784
SingleFamily,2018,372363,1982,5198,1104,2,3,582351
SingleFamily,2018,795600,1949,22215,2989,3,4,1229442
SingleFamily,2018,1044954,2016,5619,2500,3,4,1587447
SingleFamily,2018,1535250,1975,3780,1317,2,3,1890491
SingleFamily,2018,918789,1950,5662,942,1,2,1347293
SingleFamily,2018,76582,1947,6651,1001,1,3,489797
SingleFamily,2018,881980,1985,7274,2515,3,4,910252
Duplex,2018,407312,1921,6249,2589,2,5,1180476
SingleFamily,2018,81417,1924,4801,1576,2,3,559464
SingleFamily,2018,593775,1974,10561,2690,3,3,1004625
SingleFamily,2018,348e3,1909,5462,998,1,3,412304
SingleFamily,2018,549256,1959,8398,1570,2,4,599879
SingleFamily,2018,1147527,1968,13503,2925,4,4,2986679
SingleFamily,2018,9361105,1941,28524,5478,5,7,10790904
SingleFamily,2018,211854,1922,5129,1164,2,2,387928
SingleFamily,2018,733481,1949,5488,1826,3,4,827449
SingleFamily,2018,490353,1910,6075,1300,1,3,395353
SingleFamily,2018,408e3,1949,5662,814,1,2,510394
SingleFamily,2018,536520,1949,8096,1098,1,3,575014
SingleFamily,2018,449259,1951,5662,1582,3,4,581677
SingleFamily,2018,194839,1948,8049,1090,1,3,482271
SingleFamily,2018,700928,1922,6400,1400,2,2,2037916
SingleFamily,2018,395982,1935,21754,1304,1,2,837315
SingleFamily,2018,645047,1942,6146,1346,1,2,798052
SingleFamily,2018,49080,1951,7229,1067,1,3,433207
Quadruplex,2018,428637,1923,5089,3473,1,3,1802561
SingleFamily,2018,365549,1953,6752,950,1,2,639733
SingleFamily,2018,74363,1952,9e3,1327,1,4,465955
Duplex,2018,400799,1905,5900,3155,3,7,1329232
SingleFamily,2018,337791,1955,6e3,1300,2,3,501618
SingleFamily,2018,541125,2006,8712,3861,4,6,1058148
SingleFamily,2018,92267,1947,6547,1915,2,4,978425
SingleFamily,2018,141245,1926,4042,877,1,2,378906
SingleFamily,2018,127222,1920,6001,784,1,2,369644
SingleFamily,2018,149863,1963,7594,2523,2,4,855346
SingleFamily,2018,239291,1956,3253,1017,1,3,341592
SingleFamily,2018,833e3,1922,36590,1994,1,3,698969
SingleFamily,2018,310813,1958,7552,1702,2,4,621770
SingleFamily,2018,349414,1919,6550,1462,1,2,1848321
SingleFamily,2018,1052143,1952,5769,1647,3,2,2596247
SingleFamily,2018,55541,1950,6749,1242,1,3,606291
MultiFamily2To4,2018,268698,1936,6490,4447,6,8,2074019
SingleFamily,2018,500972,1940,4400,1955,2,5,1120602
SingleFamily,2018,54459,1954,7499,1264,2,3,563122
SingleFamily,2018,255e3,1939,5802,964,2,3,487324
SingleFamily,2018,759491,1949,6969,1236,2,3,810059
Duplex,2018,340909,1920,2154,842,2,1,836036
SingleFamily,2018,498565,1977,5662,1401,2,3,619267
SingleFamily,2018,695587,1942,7402,2538,3,3,1598171
SingleFamily,2018,665445,1944,5357,1163,1,2,795873
SingleFamily,2018,90196,1954,8815,1318,2,2,496617
Condominium,2018,270141,1961,39095,1012,1,2,693232
SingleFamily,2018,850840,1949,6534,1770,3,3,1060637
SingleFamily,2018,182413,1909,6692,1479,1,2,633721
SingleFamily,2018,756905,1950,6902,1115,1,2,1041283
SingleFamily,2018,8196304,1961,139139,7605,7,6,10435315
SingleFamily,2018,666e3,1977,7521,2773,3,4,783708
SingleFamily,2018,415088,1948,6997,1295,2,2,1244670
MultiFamily2To4,2018,725902,1923,6504,2333,5.5,6,2350245
SingleFamily,2018,592035,1922,6001,1470,1,3,1270569
SingleFamily,2018,2268920,1949,5401,3729,3,3,3275834
SingleFamily,2018,837827,1991,13645,3907,4,5,1097624
SingleFamily,2018,343667,1956,8225,1986,2,4,644926
SingleFamily,2018,381854,1962,5216,1640,2,3,936237
Duplex,2018,327571,1921,7025,1850,3,4,724438
SingleFamily,2018,52949,1949,7357,800,1,2,471190
SingleFamily,2018,427535,1946,5308,792,1,2,531929
SingleFamily,2018,275498,1940,5662,1386,2,3,1370149
SingleFamily,2018,550800,1979,77001,2126,3,4,695475
SingleFamily,2018,169493,1972,5205,1200,2,4,432227
SingleFamily,2018,120607,1964,12048,2048,2,4,744988
SingleFamily,2018,267294,1948,6466,954,1,3,660428
SingleFamily,2018,321348,1966,8174,1743,2,3,655052
SingleFamily,2018,718088,1967,18439,3318,4,4,1479875
SingleFamily,2018,79031,1946,4017,1175,1,3,1431164
SingleFamily,2018,46053,1942,5099,1273,1,3,469333
SingleFamily,2018,749229,2003,5614,2857,3,5,885422
SingleFamily,2018,591600,2002,3588908,2885,3,4,702220
SingleFamily,2018,117812,1956,5999,1766,2,3,834156
SingleFamily,2018,309876,1953,5146,1438,1,3,925463
SingleFamily,2018,167159,1930,7696,3626,4,5,2545373
SingleFamily,2018,359184,1914,6387,2462,3,5,614723
SingleFamily,2018,210012,1940,5103,1285,2,3,399051
SingleFamily,2018,681090,1926,7801,1482,2,2,740959
SingleFamily,2018,184610,1958,5965,1189,2,3,503300
Triplex,2018,318459,1925,7602,1350,3,2,504e3
SingleFamily,2018,237302,1949,5750,2610,2,3,1627343
SingleFamily,2018,176118,1910,5100,1342,2,2,407736
SingleFamily,2018,1938e3,1961,5599,1452,2,3,1393250
SingleFamily,2018,595108,1950,9496,1637,2,3,651790
SingleFamily,2018,554536,1978,5033,1843,3,3,639628
SingleFamily,2018,59627,1955,4423,679,1,2,960581
SingleFamily,2018,147598,1938,5399,770,1,2,881435
SingleFamily,2018,454412,1937,5903,1288,2,3,780551
SingleFamily,2018,84310,1947,9003,608,1,2,405549
SingleFamily,2018,458116,1957,8276,2016,3,4,690289
SingleFamily,2018,1794886,1929,10284,4141,5,5,3154216
SingleFamily,2018,280621,1965,13198,1314,2,3,538837
SingleFamily,2018,233691,1949,6749,812,1,2,480050
SingleFamily,2018,317e4,1981,26916,2900,3.5,4,3678977
Quadruplex,2018,389907,1955,5609,3176,4,6,1837938
SingleFamily,2018,122611,1955,7553,1608,2,4,613511
SingleFamily,2018,128e4,1957,10717,1820,2,3,1335824
SingleFamily,2018,314e3,1926,4887,1207,2,3,405770
SingleFamily,2018,1106300,1962,19534,2328,3,5,1464406
SingleFamily,2018,596106,1977,13139,3511,3,5,1084720
SingleFamily,2018,489891,1955,6045,1242,2,3,558370
Condominium,2018,481127,1976,27060,1088,2,2,1140418
SingleFamily,2018,220702,1964,7037,1200,2,3,467507
SingleFamily,2018,191613,1941,5200,1458,2,3,433599
SingleFamily,2018,410040,1940,8938,1260,1,2,450086
SingleFamily,2018,80753,1960,7560,1544,2,3,638167
SingleFamily,2018,156412,1923,4801,1322,1,3,546692
SingleFamily,2018,57042,1924,7006,1334,1,3,1007044
MultiFamily2To4,2018,445291,1922,6490,1984,2,2,640540
SingleFamily,2018,311530,1950,5502,1343,1,2,1225089
SingleFamily,2018,248792,1957,6999,1788,2,3,821823
SingleFamily,2018,145264,1938,4928,1159,1,2,1195299
SingleFamily,2018,2089473,1948,7e3,1598,2,3,2940917
Triplex,2018,333526,1909,8421,2961,3,7,656353
SingleFamily,2018,337369,1921,6988,1488,1,2,472070
Triplex,2018,237336,1924,5400,1232,3,3,418473
SingleFamily,2018,646419,1958,11038,2100,2,3,756707
SingleFamily,2018,589005,1998,13880,2725,3,4,932328
SingleFamily,2018,274559,1956,7699,1637,2,2,889588
SingleFamily,2018,326348,1930,6974,1994,2,3,641343
SingleFamily,2018,530603,1925,5401,592,1.75,2,680994
SingleFamily,2018,195574,1948,6292,1364,1,3,525663
SingleFamily,2018,538693,1959,7153,1726,3,4,655336
SingleFamily,2018,195174,1955,9342,1190,2,4,511683
SingleFamily,2018,2771350,2013,6048,3800,6,5,3455590
SingleFamily,2018,357946,1958,12956,1421,2,3,690099
SingleFamily,2018,1466963,1967,13364,2568,2.5,3,1439112
SingleFamily,2018,143115,1971,5940,2202,3,4,657879
Duplex,2018,156647,1923,6353,1308,2,3,470491
SingleFamily,2018,411253,1926,432,1976,1,0,744262
SingleFamily,2018,282897,1930,5904,1463,2,3,832500
SingleFamily,2018,326043,2e3,7563,3550,3,4,829534
Condominium,2018,345780,1949,82845,900,1.5,2,491854
SingleFamily,2018,453136,1949,5600,1235,2,2,599537
SingleFamily,2018,808616,1968,13560,3392,3,4,2539429
SingleFamily,2018,400199,1961,16455,2501,4,4,2634564
Condominium,2018,351900,1980,169643,1410,2,3,421134
SingleFamily,2018,641804,1960,4500,1462,2.5,3,1226382
SingleFamily,2018,392286,1947,9995,2258,3,3,963761
SingleFamily,2018,690611,1941,6107,2349,4,4,2066947
SingleFamily,2018,148257,1914,5471,1192,2,3,821868
SingleFamily,2018,87209,1930,17467,2689,2,4,925030
Condominium,2018,427868,1991,80416,1895,3,3,539261
SingleFamily,2018,561052,1967,7499,2412,3,4,786596
Triplex,2018,344976,1950,4801,1572,3,3,797717
Quadruplex,2018,521199,1923,7e3,4304,4,4,775063
SingleFamily,2018,3883931,1951,40647,5799,4,4,8026663
Duplex,2018,234339,1923,7078,2750,4,5,1183295
MultiFamily2To4,2018,563461,1921,7100,2894,4,7,972581
Duplex,2018,336942,1922,6222,1624,2,5,554515
SingleFamily,2018,111399,1927,5200,1152,1,2,603741
SingleFamily,2018,297157,1960,7497,1570,2,3,672172
Condominium,2018,48891,1973,43932,378,1,1,291015
SingleFamily,2018,599780,1950,6e3,1180,1,3,995066
SingleFamily,2018,186053,1942,5394,1205,2,5,431317
SingleFamily,2018,279129,1925,5097,1652,3,5,487879
SingleFamily,2018,71269,1930,6077,1229,1,3,1253342
SingleFamily,2018,721498,1949,6251,1540,2,3,767485
SingleFamily,2018,349866,1950,5856,1058,1,2,475559
SingleFamily,2018,526265,1919,6564,1683,1,2,1200474
SingleFamily,2018,322810,1953,6464,1503,2,3,527506
SingleFamily,2018,879308,1957,14298,2595,3,4,3855086
SingleFamily,2018,808930,2006,4197,2472,3,4,809788
SingleFamily,2018,721742,1992,5679,3436,3,3,1831818
Duplex,2018,219055,1910,5404,1830,2,5,502549
Duplex,2018,106917,1921,4800,1332,2,2,705755
SingleFamily,2018,1127123,1954,12201,1633,2,2,1552933
Duplex,2018,227072,1910,4805,1824,2,5,493723
SingleFamily,2018,687534,1947,7405,1677,2,3,699779
SingleFamily,2018,624240,1959,11020,2505,3,4,799422
SingleFamily,2018,166830,1945,10891,660,1,1,2518347
SingleFamily,2018,358937,1939,4774,1330,2,4,454897
SingleFamily,2018,585558,1953,11786,1890,2,4,1154344
SingleFamily,2018,303915,1964,11325,2140,2.5,3,657610
SingleFamily,2018,294952,1928,4800,1730,3,1,815546
SingleFamily,2018,114583,1944,9158,1224,2,3,1323741
SingleFamily,2018,389059,1956,6614,1164,2,4,476454
SingleFamily,2018,700956,1925,6673,1998,3,3,2080794
SingleFamily,2018,781545,1951,5215,1545,2,3,1427350
SingleFamily,2018,506341,1977,7640,1716,3,4,978454
SingleFamily,2018,245090,1906,6350,1414,1,2,622823
Duplex,2018,215385,1922,11200,2828,4,5,1142496
SingleFamily,2018,113939,1973,11852,1601,2,3,747997
Unknown,2018,131333,1951,7199,1362,2,3,434359
Condominium,2018,490349,1978,126920,2967,3,4,1616928
SingleFamily,2018,139426,1953,8392,2500,2.75,3,2253611
SingleFamily,2018,389472,1940,10897,1506,3,4,689831
MultiFamily2To4,2018,372498,1978,5052,3382,4,7,925648
SingleFamily,2018,314932,1953,7139,1130,2,3,584492
SingleFamily,2018,197854,1916,5617,1255,1,2,442698
SingleFamily,2018,729300,1949,12012,1400,2,3,761613
SingleFamily,2018,836516,1989,5374,4121,3,4,1972324
Triplex,2018,393650,1937,5865,2574,4,6,1144805
SingleFamily,2018,42611,1921,4974,924,1,2,412596
Duplex,2018,38295,1927,4950,1440,2,3,507577
SingleFamily,2018,582077,1971,2744,1590,2,3,1859705
SingleFamily,2018,998169,1948,7208,2134,3,6,1335708
SingleFamily,2018,609500,1927,4791,912,1,2,729131
SingleFamily,2018,473381,1953,6900,1278,1,3,514400
SingleFamily,2018,240254,1956,7753,1980,2,3,1580919
Condominium,2018,285493,1979,274089,1404,2,2,424825
SingleFamily,2018,411768,1928,5576,2257,2,5,871750
SingleFamily,2018,79202,1955,5266,1150,2,3,482424
Triplex,2018,82904,1925,5181,2905,3,4,1397758
SingleFamily,2018,706490,1943,6650,1502,2,3,816647
SingleFamily,2018,1468350,1924,9848,2377,3,4,1645591
SingleFamily,2018,54898,1951,5549,1141,2,2,471959
SingleFamily,2018,478e3,1954,5985,1512,2,3,524729
SingleFamily,2018,96143,1965,7551,1738,2,3,602845
SingleFamily,2018,1399337,1922,6882,1713,2,2,1460075
SingleFamily,2018,179968,1926,4021,882,1,2,405337
SingleFamily,2018,1264085,1939,6659,2379,4,4,1745304
SingleFamily,2018,1181141,1931,6834,3134,3,4,2687107
SingleFamily,2018,292115,1949,5384,1544,2,2,555088
Condominium,2016,823599,2018,11092,1522,3,3,875270
Duplex,2018,198699,1929,4876,1504,2,2,442630
SingleFamily,2018,631377,1960,7139,1459,3,3,628594
SingleFamily,2018,109407,1951,5538,1456,2,4,1527105
SingleFamily,2018,124550,1954,6283,1594,3,3,579623
SingleFamily,2018,290061,1929,2577,1376,2,3,908070
SingleFamily,2018,475634,1966,6930,1793,2,4,585983
Condominium,2018,530400,1999,99544,1830,3,4,557963
SingleFamily,2018,361950,1965,12868,2362,3,3,1378829
SingleFamily,2018,364851,1941,7396,1875,3,3,1237495
SingleFamily,2018,440804,1956,5625,2249,3,3,824975
SingleFamily,2018,224046,1927,4801,1164,1,2,878194
SingleFamily,2018,66744,1907,6765,1819,2,3,1228815
Townhouse,2018,522810,1936,7624,1e3,1.5,2,702960
SingleFamily,2018,327144,1957,8242,1647,3,4,986524
SingleFamily,2018,577502,1983,8019,3168,4,4,1333580
SingleFamily,2018,347636,1973,10971,1787,3,4,703878
SingleFamily,2018,207061,1964,11400,2526,2,4,958163
SingleFamily,2018,790207,1955,9662,2082,2,3,1322428
SingleFamily,2018,217393,1964,17020,1854,2,4,601750
Duplex,2018,283802,1927,5706,1504,2,3,552080
SingleFamily,2018,2112529,1976,13046,3483,4,4,2407711
SingleFamily,2018,76867,1954,8645,1284,2,4,549888
SingleFamily,2018,649219,1991,5046,2949,4,4,1848459
SingleFamily,2018,400553,1910,5445,1932,2,5,497849
SingleFamily,2018,930120,1947,9868,2238,3,4,3581456
SingleFamily,2018,42394,1949,9414,1201,1,2,705392
Unknown,2018,388457,1957,11180,1600,2,3,688730
SingleFamily,2018,434885,1912,6354,2244,2,3,755215
SingleFamily,2018,297160,1962,11942,1600,2,3,736750
SingleFamily,2018,411752,1952,6413,1303,2,3,611444
SingleFamily,2018,1083606,1929,6074,1721,2,2,1705480
SingleFamily,2018,1687848,1961,19057,3819,3,4,2135061
SingleFamily,2018,1273235,1991,8276,3229,4,4,1642395
SingleFamily,2018,93758,1924,2773,780,1,2,694862
SingleFamily,2018,997e3,1940,7208,1704,2,3,1095323
SingleFamily,2018,797251,1952,10018,2543,4,5,1072967
SingleFamily,2018,2072594,1939,9904,2238,3,3,1648020
SingleFamily,2018,745901,1930,6675,2318,3,3,1331826
Duplex,2018,214550,1942,5783,1188,2,2,938864
SingleFamily,2018,19338,1940,4982,794,1,2,344859
SingleFamily,2018,196870,1962,7487,1196,2,3,611882
Triplex,2018,322709,1906,9608,2918,3,7,760921
Triplex,2018,5e5,1948,5001,2064,3,5,653878
SingleFamily,2018,50153,1941,5110,915,1,2,481754
SingleFamily,2018,814912,1941,4726,1938,2,3,1798169
SingleFamily,2018,760973,1949,8880,1839,2,3,1248710
SingleFamily,2018,175594,1924,3967,828,1,2,397332
SingleFamily,2018,472090,1963,14324,1990,2,3,869276
MultiFamily2To4,2018,669e3,1987,5445,1845,3,3,670902
SingleFamily,2018,55324,1944,5647,1060,1,3,520862
SingleFamily,2018,579876,1948,64290,1877,2,3,856638
SingleFamily,2018,414071,1959,7840,1875,2,3,658906
SingleFamily,2018,109798,1953,8280,1756,2,4,644282
Condominium,2018,258491,1976,127670,1830,3,3,1099649
SingleFamily,2018,414078,1957,5227,1280,2,3,594336
SingleFamily,2018,126856,1961,6518,1962,3,4,612691
SingleFamily,2018,998232,2008,12341,3419,3,3,1906208
SingleFamily,2018,281038,1951,17424,2034,4,3,716538
Duplex,2018,39588,1928,3580,1254,2,4,446914
SingleFamily,2018,320973,1995,9799,1830,3,4,620669
Duplex,2018,344548,1921,6100,2736,3,6,630151
SingleFamily,2018,331896,1923,4791,1194,2,2,395470
MultiFamily2To4,2018,398471,1960,6211,2912,1.5,3,2214020
SingleFamily,2018,168915,1935,4640,1939,2,2,2735190
Duplex,2018,182244,1927,7156,4842,5,6,2401938
SingleFamily,2018,946537,2003,2177,1405,3,3,2370368
SingleFamily,2018,203460,1928,4134,1220,1,3,456037
SingleFamily,2018,248370,1942,6445,1561,1.75,3,867982
SingleFamily,2018,359090,1961,9010,1792,2,3,842469
SingleFamily,2018,206045,1947,7505,1008,1,3,838188
SingleFamily,2018,513312,1911,6534,1113,1,2,417898
SingleFamily,2018,17e5,1938,6534,1690,2,2,1891277
Condominium,2018,200359,1925,7339,890,1,1,643320
SingleFamily,2018,246751,1973,11185,1536,2,4,731778
MultiFamily2To4,2018,306133,1924,3693,960,3,3,737268
SingleFamily,2018,492743,1992,2499,1840,3,4,1842252
SingleFamily,2018,205700,1960,8785,1533,2,3,543578
SingleFamily,2018,165259,1947,5792,1590,2,3,2744607
SingleFamily,2018,497305,1960,7623,1920,2,4,734954
SingleFamily,2018,151690,1956,8510,1632,2,3,659935
SingleFamily,2018,155673,1947,7749,1112,1,2,461409
Triplex,2018,765657,1917,6789,2441,2,7,1252865
SingleFamily,2018,721e3,1947,7568,1850,2,3,719977
SingleFamily,2018,303570,1950,6098,1001,1,3,506858
MultiFamily2To4,2018,36468,1921,5001,1456,2,2,461558
SingleFamily,2018,346344,1927,6029,1457,1,3,619884
SingleFamily,2018,204438,1963,8250,2131,3,3,681433
SingleFamily,2018,283607,1955,6594,1262,2,4,509970
SingleFamily,2018,81164,1968,6096,1486,2,3,818578
SingleFamily,2018,427869,1954,6e3,1559,2,4,704822
SingleFamily,2018,554841,1947,7493,968,2,2,784922
SingleFamily,2018,284929,1921,5460,1248,1,3,474190
SingleFamily,2018,700905,1936,14922,3749,4,4,3535806
MultiFamily2To4,2018,395760,1923,4800,1390,2,3,447243
Condominium,2018,448680,1986,4402,1603,3,4,569526
SingleFamily,2018,375999,1916,5052,2054,3,5,531677
SingleFamily,2018,324284,1940,4800,754,1,2,504995
SingleFamily,2018,590077,1964,11008,2458,3,5,872304
SingleFamily,2018,270560,1953,6925,960,1,3,472141
SingleFamily,2018,499800,1937,4800,871,1,2,544803
SingleFamily,2018,434887,1912,3960,1385,1,2,523256
SingleFamily,2018,1259229,1950,14477,3448,4,4,2467394
SingleFamily,2018,386361,1951,6098,1880,2,4,618489
SingleFamily,2018,229537,1927,4858,1448,2,3,417080
SingleFamily,2018,846600,1948,6851,1870,2.5,2,921367
SingleFamily,2018,227459,1923,6900,1152,1,2,402110
MultiFamily2To4,2018,680669,1946,5623,3392,4,8,1301492
Apartment,2018,222865,1950,17685,1578,1,1,435247
SingleFamily,2018,257357,1939,7329,1940,1,3,1444072
SingleFamily,2018,301532,1956,8920,1406,2,3,533400
SingleFamily,2018,33983,1914,5211,1128,1,2,549233
SingleFamily,2018,435494,1984,11003,2826,3,4,955893
SingleFamily,2018,592399,2001,7655,3134,3,5,869017
SingleFamily,2018,847689,1947,5401,2600,3,4,814843
SingleFamily,2018,353944,1950,6120,912,1.5,2,527199
SingleFamily,2018,420217,1951,6563,1622,2,2,969131
SingleFamily,2018,120758,1953,9511,1480,1,3,637516
SingleFamily,2018,1130437,1964,9966,3188,4,4,4298021
MultiFamily2To4,2018,97558,1937,2641,1098,1,1,2259376
SingleFamily,2018,708493,1955,19786,1855,3,3,1664803
SingleFamily,2018,1013387,1926,3484,950,1,2,867689
Condominium,2018,494500,2002,3589145,2885,3,5,620180
SingleFamily,2018,431088,1944,7025,1853,2,3,741618
SingleFamily,2018,210015,1923,4808,1056,1,3,584006
Duplex,2018,124920,1905,5361,2557,3,7,591725
SingleFamily,2018,803869,1954,15546,1696,2,2,1695707
SingleFamily,2018,567e3,1956,7503,1740,2,4,609002
SingleFamily,2018,355256,1927,5238,1092,1,2,453244
SingleFamily,2018,455e3,1956,7113,1170,2,3,512987
SingleFamily,2018,299616,1961,8033,2055,3,4,951262
SingleFamily,2018,476312,1939,9577,2029,2,4,1679649
SingleFamily,2018,67821,1939,22101,826,1,2,584303
SingleFamily,2018,386364,1950,6054,1422,2,3,655878
SingleFamily,2018,477085,1953,4356,810,1,2,470914
SingleFamily,2018,434366,1973,6530,1390,2,3,546789
Duplex,2018,681638,1953,2743,2142,6,6,1901802
SingleFamily,2018,86346,1910,65228,2875,3,5,1822489
Condominium,2018,888826,1971,90089,1450,2,2,935132
SingleFamily,2018,44052,1930,4920,1191,1,2,634247
SingleFamily,2018,1280530,1990,3150,3618,4,4,2785778
Townhouse,2018,549e3,2005,64555,1255,2.5,2,537803
SingleFamily,2018,151098,1949,7056,911,1,2,632134
SingleFamily,2018,211615,1911,4472,944,1,2,739181
SingleFamily,2018,280908,1908,3310,1320,1,3,552419
Triplex,2018,53604,1939,6302,3141,3,5,999982
SingleFamily,2018,381948,1912,6751,1308,1,2,940666
SingleFamily,2018,514515,1930,4800,1124,2,2,573510
SingleFamily,2018,48641,1941,6171,1523,2,2,707028
SingleFamily,2018,409800,1908,6723,1300,1,2,1096045
SingleFamily,2018,139596,1925,4777,502,1,2,500377
SingleFamily,2018,73250,1949,6906,1463,2,3,541476
SingleFamily,2018,218981,1956,7500,1392,2,3,572245
MultiFamily2To4,2018,772261,1952,7741,1521,3,4,1202390
SingleFamily,2018,151766,1903,5400,1155,2,4,431602
SingleFamily,2018,178213,1928,5585,1192,1,2,382738
Townhouse,2016,569543,1921,6572,1750,3.5,3,1087252
SingleFamily,2018,714074,1948,5150,1491,2,2,1263277
SingleFamily,2018,374857,1923,4803,1139,1,3,455477
SingleFamily,2018,179099,1915,5610,962,1,2,1078438
Duplex,2018,192706,1913,6953,1332,2,3,451177
SingleFamily,2018,76433,1937,3499,1213,2,2,1189356
SingleFamily,2018,130456,1920,6361,1412,1,3,413993
SingleFamily,2018,531319,1922,3363,1720,3,3,695147
SingleFamily,2018,359e3,1938,5070,1110,2,3,386638
SingleFamily,2018,649968,1901,3001,1605,2,4,953441
SingleFamily,2018,224095,1957,7500,1470,2,3,621324
SingleFamily,2018,74495,1965,3381,1344,3,3,721878
MultiFamily2To4,2018,317642,2008,2003,1100,1,2,417124
SingleFamily,2018,809210,1996,5400,2677,3,4,880601
SingleFamily,2018,354678,1958,6625,1862,3,3,613988
SingleFamily,2018,496442,1939,5533,1589,1,2,857431
SingleFamily,2018,227477,1949,7431,1131,1,3,628777
SingleFamily,2018,606900,1947,7140,1900,2,4,708243
Quadruplex,2018,407311,1981,5999,3312,4,8,1371632
SingleFamily,2018,60061,1925,3484,1141,2,3,1071586
SingleFamily,2018,1364852,1955,57015,4250,3,4,3056479
SingleFamily,2018,279722,1930,4801,828,1,2,1026437
SingleFamily,2018,326529,1960,8276,1315,2,3,557109
SingleFamily,2018,188216,1976,11e3,2834,4,5,895922
SingleFamily,2018,437333,2002,10743,1876,2,4,585101
SingleFamily,2018,467393,1953,4585,1857,2,3,1423729
SingleFamily,2018,224399,1928,6908,2832,2,4,1476584
SingleFamily,2018,173726,1927,2437,978,1,2,1381291
SingleFamily,2018,419742,1956,6534,1508,2,4,619525
SingleFamily,2018,287533,1946,4971,1085,1,3,474214
SingleFamily,2018,1997241,1928,87335,2534,3,3,847430
SingleFamily,2018,714081,1987,5001,2970,3,3,1602558
SingleFamily,2018,223364,1952,4505,912,1,2,578115
SingleFamily,2018,92427,1958,8250,1737,2,3,607073
SingleFamily,2018,395311,1967,7768,2160,3,4,708807
SingleFamily,2018,691762,1930,6532,2434,4,3,2288954
SingleFamily,2018,802472,1941,11411,3096,3,4,1877878
SingleFamily,2018,452642,1950,6023,1422,2,4,548824
SingleFamily,2018,207532,1927,8138,1652,1,3,642336
SingleFamily,2018,201048,1951,6223,1064,1,3,516765
SingleFamily,2018,157122,1962,13466,2004,3,3,770318
SingleFamily,2018,320127,1956,6098,1283,2,3,539719
SingleFamily,2018,224046,1945,6e3,1104,1,3,734433
Condominium,2018,249877,1979,192405,1575,3,4,464472
SingleFamily,2018,2347662,1962,11504,3549,5,5,2798592
SingleFamily,2018,492660,1949,6459,1017,1,3,536013
SingleFamily,2018,247987,1953,6499,1495,2,3,616177
SingleFamily,2018,147847,1968,5849,1024,2,3,1700543
Townhouse,2018,383421,1982,99839,2026,2.5,3,520974
SingleFamily,2018,378787,1973,12170,2106,3,4,598022
SingleFamily,2018,445277,1947,5592,1545,2,3,1012433
SingleFamily,2018,326060,1951,6081,2328,3,4,717535
SingleFamily,2018,1812e3,1955,6e3,2910,3.5,4,1790264
SingleFamily,2018,1143726,1946,12678,2768,3,4,1775193
SingleFamily,2018,757577,1959,10921,2115,2,4,959195
Duplex,2018,113928,1942,6748,908,2,3,490984
SingleFamily,2018,298381,1927,7405,1287,2,3,559290
SingleFamily,2018,663362,1953,22140,3805,3,4,1303294
SingleFamily,2018,311192,1921,6589,1617,2,1,1359807
SingleFamily,2018,235996,1956,7660,1879,2,4,619228
SingleFamily,2018,486270,1960,13482,2670,3,3,833214
SingleFamily,2018,232147,1954,7292,1552,2,4,923162
SingleFamily,2018,897825,1936,2916,1120,1,2,922098
SingleFamily,2018,29893,1917,8868,977,1,3,439258
SingleFamily,2018,927913,1922,6463,2358,2,3,1693454
SingleFamily,2018,714e3,1928,3570,1324,1,2,1034831
SingleFamily,2018,210501,1935,4800,850,1,2,714134
SingleFamily,2018,107e4,1912,36886,2996,4,4,1111080
Duplex,2018,171535,1924,4285,1353,2,2,604651
SingleFamily,2018,331442,1950,4890,1361,2,4,583999
SingleFamily,2018,98205,1960,11149,1570,2,3,679590
SingleFamily,2018,56e4,1976,9583,1433,2,3,559036
SingleFamily,2018,77064,1950,4883,1092,1,3,604076
SingleFamily,2018,559476,1957,6e3,1682,2,3,913404
SingleFamily,2018,37e5,1991,3817,4336,4,5,3870976
SingleFamily,2018,2346e3,2006,38472,3557,3.5,4,2554118
SingleFamily,2018,585e3,1948,6751,1290,2,4,653061
SingleFamily,2018,122319,1921,5426,1799,2,4,612791
SingleFamily,2018,467138,1957,5923,1364,2,3,588759
SingleFamily,2018,61996,1953,6430,1038,2,3,541887
Condominium,2018,173e3,1942,529449,849,1,1,486794
SingleFamily,2018,435723,1953,7491,1584,2,3,636467
SingleFamily,2018,150208,1960,8915,1404,2,3,762962
SingleFamily,2018,718490,1956,6074,1520,2,3,905470
SingleFamily,2018,134004,1938,14573,1704,2,3,1842249
SingleFamily,2018,1378529,1935,6917,1163,1,2,1232706
SingleFamily,2018,397055,1939,4603,1090,1,2,566007
SingleFamily,2018,75968,1923,6253,1e3,1,2,1692977
SingleFamily,2018,5956369,1987,30458,9320,8,5,13343271
SingleFamily,2018,41751,1925,3052,785,1,2,668474
SingleFamily,2018,2801159,1966,34442,3475,3,4,4097712
Duplex,2018,1513077,1927,7700,2517,4,4,1796332
SingleFamily,2018,535500,1961,9889,1316,2,3,606320
SingleFamily,2018,93757,1953,8463,1517,2,3,557297
SingleFamily,2018,157029,1927,5029,1037,1,2,739646
SingleFamily,2018,256199,1950,4400,861,1,2,1139368
SingleFamily,2018,288405,1950,7384,2058,2,3,708726
Quadruplex,2018,640481,1912,2437,2996,4,8,1372065
SingleFamily,2018,264924,1948,6355,1604,2,2,955351
Duplex,2018,18686,1921,4354,1206,2,3,435584
Condominium,2018,371671,2001,21641,2062,4,4,564474
SingleFamily,2018,916239,1955,18880,2970,5,5,1351659
SingleFamily,2018,361736,1908,6969,1652,2,4,529781
SingleFamily,2018,383802,1967,8675,3031,4,5,852455
SingleFamily,2018,332928,1924,6534,1092,1,3,464038
SingleFamily,2018,550799,1923,6606,2326,3,3,1872365
SingleFamily,2018,480420,1949,6904,1220,2,3,597610
SingleFamily,2018,709165,1972,6546,2826,4,4,1219991
SingleFamily,2018,363e3,1903,10018,2652,1.5,4,1140354
SingleFamily,2018,551411,1959,7760,1906,3,4,722365
SingleFamily,2018,33773,1909,4199,1284,3,3,1009443
SingleFamily,2018,66334,1955,7664,900,1,2,431210
SingleFamily,2018,374543,1951,7499,1070,1,3,464387
Condominium,2018,47e4,1925,53600,1440,2,1,657865
Duplex,2018,280967,2005,2610,1680,4,4,1025139
SingleFamily,2018,202644,1937,6004,1734,1,5,494398
SingleFamily,2018,44327,1930,6499,1724,2,3,725619
SingleFamily,2018,1103901,1956,6100,2356,2,3,1967335
SingleFamily,2018,249339,1950,5749,1069,1,2,853881
SingleFamily,2018,328274,1953,6180,1358,2,3,1852490
SingleFamily,2018,689396,2004,7215,2667,4,3,1001300
MultiFamily2To4,2018,412161,1938,4800,1570,2,3,713029
SingleFamily,2018,383015,1942,6028,1730,2,3,876403
SingleFamily,2018,331166,1906,5198,1719,2,5,720568
SingleFamily,2018,336687,1920,3499,1095,2,2,733237
SingleFamily,2018,273840,1965,3728,1776,3,3,1236077
SingleFamily,2018,89594,1958,5250,1364,2,3,618969
SingleFamily,2018,239632,2004,4416,2290,3,4,1048883
SingleFamily,2018,646078,1950,6899,1800,2,2,3001055
SingleFamily,2018,801067,1949,5601,1600,2,3,1054008
SingleFamily,2018,73884,1928,5278,1286,1,3,1438847
Triplex,2018,308550,1922,7088,2370,3,6,705346
SingleFamily,2018,1025313,1948,6679,2250,4,4,1606985
Triplex,2018,290499,1938,5726,2312,3,5,634605
SingleFamily,2018,292221,1912,5440,1102,1,3,383432
SingleFamily,2018,170828,1965,7519,1242,2,3,522021
SingleFamily,2018,194023,1950,7535,1194,2,3,533857
SingleFamily,2018,243552,1922,6999,1974,3,4,1098874
SingleFamily,2018,115325,1947,8098,1570,2,3,899677
SingleFamily,2018,1784645,1955,21780,2560,3,3,2393067
Quadruplex,2018,226229,1938,5504,4236,4,4,1096581
SingleFamily,2018,639845,1922,4800,1401,2,3,782715
SingleFamily,2018,313849,1944,6534,1322,2,3,542558
SingleFamily,2018,598622,1977,90016,2690,2,3,2936102
SingleFamily,2018,342206,1951,5619,1010,2,2,559637
SingleFamily,2018,876e3,1956,7773,2190,2,4,859890
SingleFamily,2018,320128,1916,6075,1495,2,3,607047
SingleFamily,2018,240015,1953,8283,1430,2,3,598196
SingleFamily,2018,299112,1902,4500,1432,2,4,523455
SingleFamily,2018,1325083,1940,5787,1632,2.5,3,1646041
SingleFamily,2018,426673,1941,6164,2415,3,3,1744645
SingleFamily,2018,249575,1949,6180,814,1,2,489243
SingleFamily,2018,562769,1978,9080,2552,3,4,882820
SingleFamily,2018,548899,1930,7e3,1446,1,3,1003881
SingleFamily,2018,729905,1951,7560,1750,2,3,1018602
SingleFamily,2018,52085,1909,4804,1530,1,2,718816
SingleFamily,2018,458187,1952,6432,2230,3,3,1013942
SingleFamily,2018,603946,1959,6490,1831,2,3,776522
SingleFamily,2018,780300,1940,6895,2004,3,4,1116619
SingleFamily,2018,621676,1950,8350,3600,3.5,4,1990019
SingleFamily,2018,484288,1936,9588,820,1,1,1241861
MultiFamily2To4,2018,566e3,1920,7500,2931,4,6,665018
SingleFamily,2018,492459,1951,6534,1516,2,3,577645
SingleFamily,2018,1478e3,1937,17424,3611,4.5,4,2019860
MultiFamily2To4,2018,523248,2011,6255,3408,5,9,1111436
SingleFamily,2018,1103903,1932,6477,1929,2,3,2006504
SingleFamily,2018,478583,1950,6249,1653,1.5,3,579056
SingleFamily,2018,245873,1963,7370,2198,3,4,808308
SingleFamily,2018,832391,1927,6180,2483,3,4,2311212
SingleFamily,2018,4432176,1954,56980,6118,6,4,13706265
SingleFamily,2018,224908,1924,5002,704,1,1,356898
SingleFamily,2018,309505,1927,6752,1612,2,2,1078431
Townhouse,2018,348936,1979,3611,1447,2.5,4,436393
Condominium,2018,496e3,1975,543323,1409,3,3,466975
SingleFamily,2018,319978,1975,11517,2442,3,4,924713
Triplex,2018,557908,1923,7151,1880,4,4,543380
MultiFamily2To4,2018,392837,1980,4679,2500,5,6,2216847
Duplex,2018,178383,1912,4971,1769,2,4,567787
Triplex,2018,317823,1923,6061,1688,3,3,960448
SingleFamily,2018,681289,1943,5887,1184,2,3,853191
SingleFamily,2018,122428,1947,6348,1665,2,3,1131610
SingleFamily,2018,360605,1938,5693,821,1,2,1318565
SingleFamily,2018,41313,1939,5701,1205,1,2,520188
SingleFamily,2018,659551,1967,5350,1734,2,3,1209606
SingleFamily,2018,269931,1953,7353,1921,2,4,637216
SingleFamily,2018,2770574,1959,28363,2256,3,3,3692775
SingleFamily,2018,184514,1955,6095,1247,2,4,523766
SingleFamily,2018,220160,1947,6777,992,1,2,818285
Condominium,2018,440887,1987,5752,2235,3,4,716959
SingleFamily,2018,57695,1895,5836,1103,1,3,612403
SingleFamily,2018,616e3,1948,9769,1728,3,4,682948
SingleFamily,2018,111428,1941,4836,927,1,2,406656
SingleFamily,2018,37222,1952,6616,783,2,2,618750
SingleFamily,2018,3162e3,1922,7135,3055,2.75,4,3533317
SingleFamily,2018,163840,1912,4801,1248,2,3,444615
SingleFamily,2018,210505,1939,6567,1942,1,3,667484
Duplex,2018,391582,1922,6308,2498,2,3,955988
SingleFamily,2018,339941,1976,11287,2219,3,3,736804
SingleFamily,2018,507005,1947,6660,1020,2,2,646876
SingleFamily,2018,448335,1942,5502,1206,1,2,631716
Duplex,2018,508e3,1946,7784,1238,2,3,612397
SingleFamily,2018,88502,1961,8251,1430,2,4,722734
SingleFamily,2018,731387,1947,3500,1690,2,2,1458776
SingleFamily,2018,169720,1924,3330,736,1,1,1708693
SingleFamily,2018,30527,1926,13811,780,1,2,637011
SingleFamily,2018,783452,1952,18525,4e3,4,3,1274529
SingleFamily,2018,71910,1958,20667,1084,2,3,542629
SingleFamily,2018,321185,1987,7579,2751,3,5,738898
MultiFamily2To4,2018,1251672,1929,6300,2730,4,4,2332418
SingleFamily,2018,87424,1955,6555,1261,2,3,546822
SingleFamily,2018,67966,1928,4795,1166,2,3,714894
SingleFamily,2018,575e3,1950,6211,1272,1,3,603247
Condominium,2018,1820700,1940,5366,2310,3,3,1530045
SingleFamily,2018,277469,1952,12220,1545,2,2,826550
SingleFamily,2018,184345,1937,4902,1612,2,3,1517462
SingleFamily,2018,924230,1926,3206,1112,2,2,1235642
SingleFamily,2018,1187082,1951,17003,3881,5,4,2984181
SingleFamily,2018,358763,1930,7840,1164,1.5,2,658132
SingleFamily,2018,1118092,1952,18097,5590,6,5,3035129
SingleFamily,2018,384323,1929,5405,1100,1,2,421623
SingleFamily,2018,483498,1931,6499,4390,5,6,3764482
SingleFamily,2018,295753,1930,6e3,1268,2,3,410018
SingleFamily,2018,416091,1930,6882,1617,1.5,3,2026651
SingleFamily,2018,297091,1928,7e3,1958,2,3,776678
SingleFamily,2018,662734,1966,6059,1778,3,4,666391
SingleFamily,2018,120178,1964,14546,2566,3,4,984345
SingleFamily,2018,275971,1952,5658,1558,2,3,524809
SingleFamily,2018,418860,1907,4356,1952,2,5,584843
SingleFamily,2018,350763,1946,5260,2129,3,5,1348246
MultiFamily2To4,2018,1203600,1905,5858,3700,8,8,942215
SingleFamily,2018,1029857,1981,4486,2734,2.5,3,807860
Duplex,2018,1131476,1925,5313,1798,2,3,1614944
Triplex,2018,66247,1932,6676,2767,3,7,686568
SingleFamily,2018,526499,1965,7883,2468,3,4,686669
SingleFamily,2018,328425,1941,9966,2547,2,3,3132967
SingleFamily,2018,167580,1942,5400,913,1,2,369906
SingleFamily,2018,331597,1954,6534,1553,2,3,691892
SingleFamily,2018,609029,1920,4999,2361,3,3,634436
Condominium,2018,1311327,1980,28062,2700,3,2,1683223
SingleFamily,2018,82474,1959,7901,1570,2,3,685656
Triplex,2018,227778,1961,8449,2735,3,7,660851
SingleFamily,2018,384794,1952,5662,1352,2,3,509652
SingleFamily,2018,571200,1964,7702,1650,2,3,660879
SingleFamily,2018,279679,1977,11002,2748,3,4,833021
SingleFamily,2018,516147,1931,6650,3688,6,4,2703305
SingleFamily,2018,709953,1990,7053,3303,4,4,1199687
SingleFamily,2018,593714,1963,6212,1888,2,4,721430
Duplex,2018,33987,1925,4801,1726,2,5,548664
SingleFamily,2018,774155,1950,6149,1661,3,3,1470974
Duplex,2018,139982,1926,11849,1326,2,3,619026
SingleFamily,2018,375080,1928,6249,2001,2,3,2042111
MultiFamily2To4,2018,1266812,1973,16010,3100,6,9,1080011
SingleFamily,2018,395566,1921,6852,2468,2,4,1516184
SingleFamily,2018,1285e3,1988,11025,4694,5.5,5,1395997
SingleFamily,2018,270144,1953,7685,1744,2,3,611122
SingleFamily,2018,234389,1949,5961,1380,2,2,495773
Duplex,2018,342733,1948,5003,1910,2,4,680287
SingleFamily,2018,762225,1952,6611,1421,2,4,1075440
SingleFamily,2018,107747,1952,5614,1523,3,3,881208
SingleFamily,2018,50561,1947,7241,1022,1,3,448733
Duplex,2018,419334,1902,5507,2196,2,4,516358
SingleFamily,2018,617100,1964,6534,1629,2,4,727466
SingleFamily,2018,5149980,2015,7515,4664,5,5,6075903
SingleFamily,2018,2790456,1979,17539,4922,6,4,2468056
SingleFamily,2018,427489,1964,8158,1760,2,4,641809
SingleFamily,2018,506333,1958,7192,2067,3,3,1092314
SingleFamily,2018,306165,1951,9312,1230,1,2,777994
SingleFamily,2018,559172,1966,8458,2174,3,4,788406
SingleFamily,2018,256905,1925,6430,1490,1,3,1263035
SingleFamily,2018,352021,1986,13068,1620,2,4,556739
SingleFamily,2018,614e3,1960,7627,1173,2,3,638679
Condominium,2018,502272,2005,5662,1940,4,3,836129
SingleFamily,2018,402279,1941,6753,1852,3,3,1042456
SingleFamily,2018,268741,1947,6580,1096,2,3,632279
SingleFamily,2018,284002,1961,6876,1510,2,3,625029
SingleFamily,2018,82597,1927,4715,1914,1,3,644508
SingleFamily,2018,1259391,1969,16810,3076,3,4,2452878
SingleFamily,2018,60060,1939,6777,1095,1,2,448801
SingleFamily,2018,531670,1953,7772,1539,2.5,4,731732
SingleFamily,2018,418338,1942,7e3,1984,3,3,1386612
SingleFamily,2018,384752,1961,14058,2706,3,3,735318
SingleFamily,2018,260795,1924,6749,1546,2,2,1580248
SingleFamily,2018,662579,1954,7405,2496,2,3,916684
SingleFamily,2018,217437,1956,6038,1766,3,6,535658
Duplex,2018,737392,1906,4935,1757,2,4,1402271
SingleFamily,2018,750827,1948,6534,1325,2,3,858411
Condominium,2018,411252,1984,5100,1545,1,0,662235
SingleFamily,2018,617100,1952,15755,1673,3,4,613608
SingleFamily,2018,204938,1924,5101,1110,2,3,389313
SingleFamily,2018,258319,1978,8495,2265,3,4,677539
SingleFamily,2018,486967,1925,4486,1180,2,2,757422
SingleFamily,2018,765906,1936,10297,1371,1,2,1217041
SingleFamily,2018,338256,1929,3426,2168,2,4,1215577
SingleFamily,2018,271190,1956,7840,1522,2,4,584881
SingleFamily,2018,44543,1925,3213,768,1,2,1153827
SingleFamily,2018,709032,1950,6220,1348,2,2,877360
SingleFamily,2018,613108,1949,6882,1807,2,2,1249166
SingleFamily,2018,353198,1953,16583,2478,4,4,811679
SingleFamily,2018,35436,1926,6874,1246,1,4,362096
SingleFamily,2018,198e3,1966,10434,1250,2,2,740487
SingleFamily,2018,556e3,1947,10124,2187,2,3,660895
SingleFamily,2018,243899,1956,6451,1600,2,3,635392
SingleFamily,2018,230581,1965,9099,1887,2,4,646262
SingleFamily,2018,216109,1930,5004,1158,2,3,511498
Duplex,2018,47616,1916,2430,1287,2,2,519336
SingleFamily,2018,414784,1912,5399,2202,1.5,3,512581
MultiFamily2To4,2018,712e3,1965,5044,3048,4,5,799016
SingleFamily,2018,338130,1941,6624,887,1,2,483912
SingleFamily,2018,350141,1952,7496,1144,2,3,527259
SingleFamily,2018,788184,1923,6500,1500,1.5,3,1931256
Duplex,2018,325648,1921,6915,1482,2,3,496683
SingleFamily,2018,478583,1958,7405,1696,3,5,568388
SingleFamily,2018,187025,1935,5545,2073,2,2,2067728
SingleFamily,2018,54028,1938,6026,1458,1,2,1220054
SingleFamily,2018,205222,1948,5827,1328,2,4,802061
SingleFamily,2018,49283,1929,3599,1250,1,3,871258
SingleFamily,2018,323998,1949,8712,1686,2,4,517322
SingleFamily,2018,689768,1959,18e3,2850,3,3,2487423
SingleFamily,2018,675586,1956,17289,2504,1.5,4,867066
SingleFamily,2018,220776,1951,6190,1405,2,3,548415
SingleFamily,2018,150033,1913,6855,1424,1,3,932784
SingleFamily,2018,633118,1960,7304,2001,3,4,819113
Triplex,2018,326532,1957,7241,1836,3,5,522746
SingleFamily,2018,342394,1955,8602,1479,2,4,602745
SingleFamily,2018,121785,1947,5502,1147,1,2,1364612
SingleFamily,2008,18267,1923,6626,1431,1,3,711813
SingleFamily,2018,230974,1956,8990,1358,2,3,619542
SingleFamily,2018,809880,1976,4843,1504,2,4,971071
SingleFamily,2018,41e4,1941,8102,1013,1,2,461536
SingleFamily,2018,283840,1954,7369,1990,2,4,706469
SingleFamily,2018,403493,1999,6304,1900,3,3,737015
SingleFamily,2018,567645,1923,3411,1414,2,3,1026887
SingleFamily,2018,263287,1950,8162,2094,3,4,660457
SingleFamily,2018,391191,1979,12762,2604,3,4,866901
SingleFamily,2018,180458,1940,5400,987,1,2,456020
SingleFamily,2018,1258934,1966,9108,2400,2,3,2709515
SingleFamily,2018,404024,1956,6969,1372,2,3,567381
SingleFamily,2018,532078,1978,11761,2423,3,4,763222
Triplex,2018,341656,1986,5e3,3284,4,7,954511
SingleFamily,2018,486652,1965,8216,2271,3,4,702749
SingleFamily,2018,41e4,1953,6207,1342,2,3,515351
SingleFamily,2018,464754,1949,6534,1324,2,3,550619
SingleFamily,2018,260131,1966,13181,3044,4,4,1717158
SingleFamily,2018,701e3,1941,6605,1194,1,2,717626
Duplex,2018,467037,1922,7995,1706,2,4,659952
Duplex,2018,356395,1903,6365,2420,2,3,840974
SingleFamily,2018,895926,1960,6544,2186,2.75,3,1226380
SingleFamily,2018,327440,1926,4778,1412,2,3,483283
SingleFamily,2018,27951,1939,5031,919,1,2,363662
SingleFamily,2018,860795,1926,6100,2068,3,3,2325256
SingleFamily,2018,1456589,1965,19602,2928,3,4,2466583
SingleFamily,2018,703800,1953,3749,826,1,2,826260
SingleFamily,2018,388726,1931,4922,1246,1,2,1379872
SingleFamily,2018,518963,1955,12376,1904,2,3,1381422
SingleFamily,2018,66739,1951,6611,1281,1,3,583253
SingleFamily,2018,128920,1925,4772,960,1,2,431160
SingleFamily,2018,459e3,1905,4621,1440,1.5,2,602150
SingleFamily,2018,169756,1955,7419,1321,2,3,717986
SingleFamily,2018,449e3,2004,4958,1254,2,3,433126
SingleFamily,2018,145986,1948,6250,1862,2,3,1669360
SingleFamily,2018,571200,1922,4782,1100,2,3,759272
SingleFamily,2018,182484,1922,7359,1225,1,2,726738
SingleFamily,2018,272593,1952,3293,1354,2,3,1044640
Triplex,2018,1458600,1935,7587,2819,3,4,1412684
SingleFamily,2018,83604,1920,5107,1036,1,3,1267341
SingleFamily,2018,637500,1953,21e3,2800,4,5,801223
Condominium,2018,364844,1995,78042,2018,3,4,644634
MultiFamily2To4,2018,40026,1938,5e3,1189,2,3,507971
Condominium,2018,380844,1979,436585,1736,3,4,593765
SingleFamily,2018,382305,2006,2396,1600,2.5,3,993581
SingleFamily,2018,198737,1925,5871,1428,2,2,720159
SingleFamily,2018,315731,1956,11304,1790,2,3,705559
SingleFamily,2018,380039,1922,7e3,1480,1,2,624429
SingleFamily,2018,757781,1945,5750,1392,2,4,1326105
SingleFamily,2018,614660,1983,12815,3596,3,4,982771
Duplex,2018,180091,1922,6403,1698,2,2,508800
SingleFamily,2018,228529,1918,5399,1092,1,2,522647
SingleFamily,2018,86138,1954,7800,2079,2,5,648448
SingleFamily,2018,380844,1941,6497,1719,2,2,806847
SingleFamily,2018,19979,1923,2498,988,1,3,791339
SingleFamily,2018,57698,1950,6187,1096,1,2,479778
SingleFamily,2018,1970896,2001,4697,5625,7,5,4168451
SingleFamily,2018,384324,1922,4674,1149,1,2,429832
Duplex,2018,183001,1908,5810,1600,2,3,469083
SingleFamily,2018,520868,1988,11279,2760,3,4,724191
SingleFamily,2018,95785,1948,5025,1432,2,2,1321744
SingleFamily,2018,39590,1923,6076,1350,1,3,589200
SingleFamily,2018,106170,1956,5999,1634,3,3,852922
SingleFamily,2018,946608,1947,7e3,1443,2,3,1490253
Condominium,2018,52e4,1988,1147,1147,2,3,381888
SingleFamily,2018,537088,1909,6098,1144,1,2,578808
SingleFamily,2018,243893,1953,6e3,1276,2,3,551388
Duplex,2018,322335,1951,6098,1872,2,4,703307
SingleFamily,2018,196343,1954,10542,1275,2,3,612641
SingleFamily,2018,577422,1948,153e3,2476,2,5,740144
SingleFamily,2018,1555500,1930,6464,1596,2,3,1764211
SingleFamily,2018,22130,1906,5400,1266,1,3,392342
SingleFamily,2018,2332270,1925,6728,3200,3,4,3425783
SingleFamily,2018,39959,1954,3625,1038,1,3,480934
SingleFamily,2018,277935,1924,3920,1304,1,2,404813
SingleFamily,2018,529865,1914,5625,1601,1,2,656335
SingleFamily,2018,251848,1953,6189,1262,2,3,523404
SingleFamily,2018,463062,1989,9609,3072,3,3,888043
SingleFamily,2018,209019,1937,6108,932,1,3,446530
Duplex,2018,63904,1907,4721,1436,2,3,418789
SingleFamily,2018,1259740,1924,5600,1749,3,5,2558284
SingleFamily,2018,250939,1956,5967,1578,2,3,764298
SingleFamily,2018,81508,1922,5396,1444,2,3,830799
Quadruplex,2018,410677,1955,6881,3354,4,8,809393
SingleFamily,2018,247940,1950,20188,3297,4,5,2341604
SingleFamily,2018,824413,1926,4791,1593,2.5,4,1429158
Condominium,2018,243483,1986,42819,1055,3,2,355069
SingleFamily,2018,247990,1960,7747,1397,2,4,627795
SingleFamily,2018,153530,1914,5460,888,1,2,405401
SingleFamily,2018,295518,1924,7864,1682,3,4,880481
SingleFamily,2018,114331,1941,7500,1736,3,4,516716
SingleFamily,2018,765654,1960,10995,2271,3,5,750885
SingleFamily,2018,1386474,1955,10609,2885,3,3,1814709
Condominium,2018,243762,1979,71363,1262,2,3,476999
SingleFamily,2018,19933,1922,8272,1066,1,3,611217
Triplex,2018,446097,1950,9792,2776,3,6,1733650
SingleFamily,2018,536560,1960,19499,3944,3,4,1064882
SingleFamily,2018,727924,1949,6002,2023,3,4,1198900
Quadruplex,2018,81757,1912,4803,2640,4,4,948350
SingleFamily,2018,263674,1950,6922,2184,3,5,736791
SingleFamily,2018,347069,1953,6050,2036,3,4,2153082
SingleFamily,2018,209308,1923,4455,1186,2,1,978756
SingleFamily,2018,505190,1991,13550,2710,2,4,900697
Townhouse,2018,505e3,2005,24659,1690,3.25,4,550904
Duplex,2018,471640,1970,6218,1488,2,4,718344
MultiFamily2To4,2018,688500,1924,1800,1152,2,2,929885
Triplex,2018,303030,1907,5155,3080,4,9,618367
SingleFamily,2018,307698,1958,6878,1570,2,3,602878
Condominium,2018,205170,1981,116460,1305,2,2,713157
SingleFamily,2018,183291,1965,11500,2160,2,4,657186
Apartment,2018,562987,1914,7350,3277,2,5,1098894
SingleFamily,2018,113711,1946,7967,1956,3,3,1300078
SingleFamily,2018,52e4,1954,8023,1216,2,3,563677
SingleFamily,2018,496405,1949,5937,1583,2,3,1236501
SingleFamily,2018,577750,1951,8061,2405,2,3,1145564
SingleFamily,2018,194833,1955,6951,990,1,3,598206
SingleFamily,2018,266590,1958,6218,1600,3,5,602841
SingleFamily,2018,632400,1952,6969,2415,3,5,704254
SingleFamily,2018,44e5,1963,11125,5350,7,5,5095375
SingleFamily,2018,1034280,1936,5919,2400,5,4,1760332
SingleFamily,2018,165641,1929,5867,1675,2,2,1658049
SingleFamily,2018,683400,1924,6102,1690,2,4,697990
SingleFamily,2018,503247,1949,8276,1752,2,3,651490
SingleFamily,2018,187444,1949,8101,1491,2,2,959626
SingleFamily,2018,783420,1950,10500,2736,3,3,1191653
SingleFamily,2018,393645,1923,8642,1050,1,3,370676
SingleFamily,2018,271678,1965,17976,3970,5,6,1562747
SingleFamily,2018,387624,1919,3639,978,1,2,854506
SingleFamily,2018,2257667,2006,7971,4345,5,5,2669625
SingleFamily,2018,964432,1951,9e3,1850,2,3,1550692
SingleFamily,2018,512287,1956,7,1,3,4,685802
SingleFamily,2018,71364,1923,5377,720,1,2,333769
SingleFamily,2018,742499,1941,6275,2695,3,5,3233170
Duplex,2018,478264,1961,9415,1825,2,4,665199
SingleFamily,2018,274895,2003,2714,1232,2,4,352160
SingleFamily,2018,45117,1913,5445,1494,1,2,624608
SingleFamily,2018,133329,1962,10700,2109,2,3,1133095
MultiFamily2To4,2018,288074,1951,10404,450,1,1,785519
SingleFamily,2018,84625,1960,7503,1787,2,3,614307
SingleFamily,2018,267341,1924,6753,1106,1,2,1711770
SingleFamily,2018,1050906,1923,9896,2456,2,2,2144763
SingleFamily,2018,6e5,1993,8712,2154,3,4,683628
Condominium,2018,719498,2004,43391,2217,3,2,1367594
SingleFamily,2018,433498,1953,5025,1252,1,3,674239
SingleFamily,2018,270125,1922,3612,1397,4,4,505225
Condominium,2018,363794,1960,4200,1264,1.5,3,1260270
SingleFamily,2018,340331,1973,8276,2220,3,4,703484
Condominium,2018,571e3,2005,190598,2457,3,4,610236
SingleFamily,2018,1587559,1926,11268,4250,4,5,3163205
SingleFamily,2018,1578286,2004,80446,2314,4,3,1801818
